invest_time,lat,lon
2015/8/17- 13:01:12,,
2015/8/17- 13:01:45,,
2015/8/17- 13:01:59,,
2015/8/17- 13:02:05,,
2015/8/17- 13:02:21,,
2015/8/17- 13:02:31,,
2015/8/17- 13:03:01,,
2015/8/17- 13:04:58,,
2015/8/17- 13:05:49,,
2015/8/17- 13:08:00,,
2015/8/17- 13:08:50,,
2015/8/17- 13:09:13,,
2015/8/17- 13:10:00,,
2015/8/17- 13:12:26,,
2015/8/17- 13:13:01,,
2015/8/17- 13:16:14,,
2015/8/17- 13:16:39,,
2015/8/17- 13:16:56,,
2015/8/17- 13:18:35,,
2015/8/17- 13:21:24,,
2015/8/17- 13:24:23,,
2015/8/17- 13:27:19,,
2015/8/17- 13:27:30,,
2015/8/17- 13:33:34,,
2015/8/17- 13:44:21,,
2015/8/17- 13:47:22,,
2015/8/17- 14:06:35,,
2015/8/17- 14:33:23,,
2015/8/17- 14:34:03,,
2015/8/17- 14:34:43,,
2015/8/17- 14:38:03,,
2015/8/17- 14:38:27,,
2015/8/17- 14:38:37,,
2015/8/17- 14:40:38,,
2015/8/17- 14:55:34,,
2015/8/17- 15:30:01,,
2015/8/17- 15:39:48,,
2015/8/17- 15:40:25,,
2015/8/17- 15:42:07,,
2015/8/17- 15:43:04,,
2015/8/17- 15:44:06,,
2015/8/17- 15:45:17,,
2015/8/17- 15:45:37,,
2015/8/17- 15:50:09,,
2015/8/17- 15:50:59,,
2015/8/17- 15:52:47,,
2015/8/17- 15:53:54,,
2015/8/17- 15:54:55,,
2015/8/17- 15:56:04,,
2015/8/17- 15:57:04,,
2015/8/17- 15:57:27,,
2015/8/17- 15:57:41,,
2015/8/18- 6:05:03,,
2015/8/18- 6:10:05,,
2015/8/18- 6:18:11,,
2015/8/18- 6:18:37,,
2015/8/18- 6:19:05,,
2015/8/18- 6:19:36,,
2015/8/18- 6:21:26,,
2015/8/18- 6:21:48,,
2015/8/18- 6:22:23,,
2015/8/18- 6:23:11,,
2015/8/18- 6:23:23,,
2015/8/18- 6:23:38,,
2015/8/18- 6:23:54,,
2015/8/18- 6:24:17,,
2015/8/18- 6:24:29,,
2015/8/18- 6:24:40,,
2015/8/18- 6:27:03,,
2015/8/18- 6:27:21,,
2015/8/18- 6:28:51,,
2015/8/18- 6:30:26,,
2015/8/18- 6:30:49,,
2015/8/18- 6:31:53,,
2015/8/18- 6:32:51,,
2015/8/18- 6:33:06,,
2015/8/18- 6:33:42,,
2015/8/18- 6:35:02,,
2015/8/18- 6:35:22,,
2015/8/18- 6:36:15,,
2015/8/18- 6:36:47,,
2015/8/18- 6:37:01,,
2015/8/18- 6:39:24,,
2015/8/18- 6:41:33,,
2015/8/18- 6:41:59,,
2015/8/18- 7:03:59,,
2015/8/18- 7:12:14,,
2015/8/18- 7:12:39,,
2015/8/18- 7:13:40,,
2015/8/18- 7:14:12,,
2015/8/18- 7:14:47,,
2015/8/18- 7:15:16,,
2015/8/18- 7:16:03,,
2015/8/18- 7:16:16,,
2015/8/18- 7:17:00,,
2015/8/18- 7:19:28,,
2015/8/18- 7:22:50,,
2015/8/18- 7:23:00,,
2015/8/18- 7:28:06,,
2015/8/18- 7:31:24,,
2015/8/18- 7:36:24,,
2015/8/18- 7:37:55,,
2015/8/18- 7:38:53,,
2015/8/18- 7:40:10,,
2015/8/18- 7:42:45,,
2015/8/18- 7:43:02,,
2015/8/18- 7:44:11,,
2015/8/18- 7:46:32,,
2015/8/18- 7:46:56,,
2015/8/18- 7:53:27,,
2015/8/18- 8:10:36,,
2015/8/18- 8:10:52,,
2015/8/18- 8:20:59,,
2015/8/18- 8:24:55,,
2015/8/18- 8:28:23,,
2015/8/18- 8:39:17,,
2015/8/18- 8:39:48,,
2015/8/18- 8:40:20,,
2015/8/18- 8:40:48,,
2015/8/18- 8:43:03,,
2015/8/18- 8:44:26,,
2015/8/18- 8:49:53,,
2015/8/18- 8:52:12,,
2015/8/18- 8:52:32,,
2015/8/18- 8:52:49,,
2015/8/18- 8:53:02,,
2015/8/18- 8:57:26,,
2015/8/18- 8:59:29,,
2015/8/18- 8:59:48,,
2015/8/18- 9:03:33,,
2015/8/18- 9:06:07,,
2015/8/18- 9:06:22,,
2015/8/18- 9:06:42,,
2015/8/18- 9:07:35,,
2015/8/18- 9:08:42,,
2015/8/18- 9:08:59,,
2015/8/18- 9:09:23,,
2015/8/18- 9:15:09,,
2015/8/18- 9:17:28,,
2015/8/18- 9:17:51,,
2015/8/18- 9:18:08,,
2015/8/18- 9:18:43,,
2015/8/18- 9:21:29,,
2015/8/18- 9:24:39,,
2015/8/18- 9:24:55,,
2015/8/18- 9:26:34,,
2015/8/18- 9:43:18,,
2015/8/19- 6:05:20,,
2015/8/19- 6:07:00,,
2015/8/19- 6:09:42,,
2015/8/19- 6:11:07,,
2015/8/19- 6:11:30,,
2015/8/19- 6:23:58,,
2015/8/19- 6:25:25,,
2015/8/19- 6:25:54,,
2015/8/19- 6:26:28,,
2015/8/19- 6:26:45,,
2015/8/19- 6:27:00,,
2015/8/19- 6:28:31,,
2015/8/19- 6:28:49,,
2015/8/19- 6:29:34,,
2015/8/19- 6:32:17,,
2015/8/19- 6:34:32,,
2015/8/19- 6:35:53,,
2015/8/19- 6:37:14,,
2015/8/19- 6:37:47,,
2015/8/19- 6:39:42,,
2015/8/19- 6:40:27,,
2015/8/19- 6:40:47,,
2015/8/19- 6:41:42,,
2015/8/19- 6:42:24,,
2015/8/19- 6:42:54,,
2015/8/19- 6:43:28,,
2015/8/19- 6:44:01,,
2015/8/19- 6:44:19,,
2015/8/19- 6:46:58,,
2015/8/19- 6:47:16,,
2015/8/19- 6:47:53,,
2015/8/19- 6:48:07,,
2015/8/19- 6:48:19,,
2015/8/19- 6:48:50,,
2015/8/19- 6:49:09,,
2015/8/19- 6:49:40,,
2015/8/19- 6:50:07,,
2015/8/19- 6:50:18,,
2015/8/19- 6:50:27,,
2015/8/19- 6:50:47,,
2015/8/19- 6:51:01,,
2015/8/19- 6:51:09,,
2015/8/19- 6:51:22,,
2015/8/19- 6:51:39,,
2015/8/19- 6:51:53,,
2015/8/19- 6:52:38,,
2015/8/19- 6:52:48,,
2015/8/19- 6:53:05,,
2015/8/19- 6:53:33,,
2015/8/19- 6:53:48,,
2015/8/19- 6:54:38,,
2015/8/19- 6:55:02,,
2015/8/19- 6:55:22,,
2015/8/19- 6:55:30,,
2015/8/19- 6:55:43,,
2015/8/19- 6:56:01,,
2015/8/19- 6:56:17,,
2015/8/19- 6:57:37,,
2015/8/19- 6:58:09,,
2015/8/19- 6:58:35,,
2015/8/19- 6:58:52,,
2015/8/19- 6:59:12,,
2015/8/19- 7:00:08,,
2015/8/19- 7:00:27,,
2015/8/19- 7:00:39,,
2015/8/19- 7:00:59,,
2015/8/19- 7:01:22,,
2015/8/19- 7:01:30,,
2015/8/19- 7:03:22,,
2015/8/19- 7:03:43,,
2015/8/19- 7:03:54,,
2015/8/19- 7:04:22,,
2015/8/19- 7:04:33,,
2015/8/19- 7:05:00,,
2015/8/19- 7:05:40,,
2015/8/19- 7:06:13,,
2015/8/19- 7:06:52,,
2015/8/19- 7:07:08,,
2015/8/19- 7:07:56,,
2015/8/19- 7:08:16,,
2015/8/19- 7:08:31,,
2015/8/19- 7:08:42,,
2015/8/19- 7:08:58,,
2015/8/19- 7:09:34,,
2015/8/19- 7:10:09,,
2015/8/19- 7:10:22,,
2015/8/19- 7:10:38,,
2015/8/19- 7:10:54,,
2015/8/19- 7:11:42,,
2015/8/19- 7:12:14,,
2015/8/19- 7:12:26,,
2015/8/19- 7:12:44,,
2015/8/19- 7:12:56,,
2015/8/19- 7:13:15,,
2015/8/19- 7:14:07,,
2015/8/19- 7:14:26,,
2015/8/19- 7:14:41,,
2015/8/19- 7:16:42,,
2015/8/19- 7:20:12,,
2015/8/19- 7:20:45,,
2015/8/19- 7:21:03,,
2015/8/19- 7:25:48,,
2015/8/19- 7:27:16,,
2015/8/19- 7:27:53,,
2015/8/19- 7:29:37,,
2015/8/19- 7:34:48,,
2015/8/19- 7:35:42,,
2015/8/19- 7:38:21,,
2015/8/19- 7:38:48,,
2015/8/19- 7:39:42,,
2015/8/19- 7:40:35,,
2015/8/19- 7:41:02,,
2015/8/19- 7:43:30,,
2015/8/19- 7:43:41,,
2015/8/19- 7:43:59,,
2015/8/19- 7:44:13,,
2015/8/19- 7:46:00,,
2015/8/19- 7:51:35,,
2015/8/19- 7:51:50,,
2015/8/19- 7:53:41,,
2015/8/19- 7:54:22,,
2015/8/19- 7:56:34,,
2015/8/19- 7:56:58,,
2015/8/19- 7:57:27,,
2015/8/19- 7:59:10,,
2015/8/19- 7:59:27,,
2015/8/19- 8:12:33,,
2015/8/19- 8:17:56,,
2015/8/19- 8:18:19,,
2015/8/19- 8:18:55,,
2015/8/19- 8:19:17,,
2015/8/19- 8:19:35,,
2015/8/19- 8:20:25,,
2015/8/19- 8:22:22,,
2015/8/19- 8:22:38,,
2015/8/19- 8:23:36,,
2015/8/19- 8:24:44,,
2015/8/19- 8:25:28,,
2015/8/19- 8:26:06,,
2015/8/19- 8:30:33,,
2015/8/19- 8:31:22,,
2015/8/19- 8:31:42,,
2015/8/19- 8:37:40,,
2015/8/19- 8:52:07,,
2015/8/19- 8:52:25,,
2015/8/19- 8:55:15,,
2015/8/19- 8:55:41,,
2015/8/19- 8:55:54,,
2015/8/19- 8:56:08,,
2015/8/19- 8:56:10,,
2015/8/19- 8:56:22,,
2015/8/19- 8:56:38,,
2015/8/19- 8:56:49,,
2015/8/19- 8:58:43,,
2015/8/19- 8:59:02,,
2015/8/19- 9:04:24,,
2015/8/19- 9:06:27,,
2015/8/19- 9:16:57,,
2015/8/19- 9:21:38,,
2015/8/19- 9:30:57,,
2015/8/19- 9:37:50,,
2015/8/19- 9:38:51,,
2015/8/19- 9:39:13,,
2015/8/19- 9:39:46,,
2015/8/19- 9:40:10,,
2015/8/19- 9:59:56,,
2015/8/19- 10:04:43,,
2015/8/19- 10:06:33,,
2015/8/19- 10:07:08,,
2015/8/19- 10:07:43,,
2015/8/19- 10:08:05,,
2015/8/19- 10:08:34,,
2015/8/19- 10:10:36,,
2015/8/19- 10:11:11,,
2015/8/19- 10:11:25,,
2015/8/19- 10:11:48,,
2015/8/19- 10:15:20,,
2015/8/19- 10:15:41,,
2015/8/19- 10:18:43,,
2015/8/19- 10:19:00,,
2015/8/19- 10:19:26,,
2015/8/19- 10:20:26,,
2015/8/19- 10:20:53,,
2015/8/19- 10:21:16,,
2015/8/19- 10:21:36,,
2015/8/19- 10:22:06,,
2015/8/19- 10:23:00,,
2015/8/19- 10:25:00,,
2015/8/19- 10:27:27,,
2015/8/19- 10:28:28,,
2015/8/19- 10:31:45,,
2015/8/19- 10:32:32,,
2015/8/19- 10:34:15,,
2015/8/19- 10:35:42,,
2015/8/19- 10:37:01,,
2015/8/19- 10:37:46,,
2015/8/19- 10:38:16,,
2015/8/19- 10:39:35,,
2015/8/19- 10:40:23,,
2015/8/19- 10:42:38,,
2015/8/19- 10:44:19,,
2015/8/19- 10:44:43,,
2015/8/19- 10:45:55,,
2015/8/19- 10:47:01,,
2015/8/19- 10:51:01,,
2015/8/19- 10:55:34,,
2015/8/19- 10:56:16,,
2015/8/19- 10:57:08,,
2015/8/19- 10:58:09,,
2015/8/19- 11:00:42,,
2015/8/19- 11:31:54,,
2015/8/19- 11:39:07,,
2015/8/19- 11:48:35,,
2015/8/19- 12:00:40,,
2015/8/19- 12:02:43,,
2015/8/19- 12:05:39,,
2015/8/19- 12:05:55,,
2015/8/19- 12:06:10,,
2015/8/19- 12:06:37,,
2015/8/19- 12:06:49,,
2015/8/19- 12:07:31,,
2015/8/19- 12:07:51,,
2015/8/19- 12:10:46,,
2015/8/19- 12:13:08,,
2015/8/19- 12:13:35,,
2015/8/19- 12:14:46,,
2015/8/19- 12:15:29,,
2015/8/19- 12:15:58,,
2015/8/19- 12:16:14,,
2015/8/19- 12:18:05,,
2015/8/19- 12:18:36,,
2015/8/19- 12:19:22,,
2015/8/19- 12:22:03,,
2015/8/19- 12:35:29,,
2015/8/19- 12:35:43,,
2015/8/19- 12:37:25,,
2015/8/19- 13:00:23,,
2015/8/19- 13:03:46,,
2015/8/19- 13:11:06,,
2015/8/19- 13:13:40,,
2015/8/19- 13:14:32,,
2015/8/19- 13:15:08,,
2015/8/19- 13:15:13,,
2015/8/19- 13:15:27,,
2015/8/19- 13:18:31,,
2015/8/19- 13:35:23,,
2015/8/19- 13:37:28,,
2015/8/19- 13:37:40,,
2015/8/19- 13:39:04,,
2015/8/19- 13:42:05,,
2015/8/19- 13:45:12,,
2015/8/19- 13:47:46,,
2015/8/19- 13:48:02,,
2015/8/19- 13:48:28,,
2015/8/19- 13:48:36,,
2015/8/19- 13:48:49,,
2015/8/19- 13:56:10,,
2015/8/19- 13:56:35,,
2015/8/19- 13:57:10,,
2015/8/19- 13:57:30,,
2015/8/19- 14:01:20,,
2015/8/19- 14:09:19,,
2015/8/19- 14:10:05,,
2015/8/19- 14:10:24,,
2015/8/19- 14:14:36,,
2015/8/19- 14:25:26,,
2015/8/19- 14:37:01,,
2015/8/19- 14:48:52,,
2015/8/19- 14:51:17,,
2015/8/19- 14:51:55,,
2015/8/19- 14:52:57,,
2015/8/19- 14:56:19,,
2015/8/19- 15:06:57,,
2015/8/19- 15:09:56,,
2015/8/19- 15:10:52,,
2015/8/19- 15:11:58,,
2015/8/19- 15:15:07,,
2015/8/19- 15:18:12,,
2015/8/19- 15:23:58,,
2015/8/19- 15:29:03,,
2015/8/19- 15:29:17,,
2015/8/19- 15:55:37,,
2015/8/19- 15:56:00,,
2015/8/19- 15:56:33,,
2015/8/19- 16:06:58,,
2015/8/19- 16:08:47,,
2015/8/19- 16:10:00,,
2015/8/19- 16:10:25,,
2015/8/19- 16:12:36,,
2015/8/19- 16:14:43,,
2015/8/19- 16:15:01,,
2015/8/19- 16:16:23,,
2015/8/19- 16:16:55,,
2015/8/19- 16:17:12,,
2015/8/19- 16:17:34,,
2015/8/19- 16:17:54,,
2015/8/19- 16:18:17,,
2015/8/19- 16:21:58,,
2015/8/19- 16:29:48,,
2015/8/19- 16:30:12,,
2015/8/19- 16:33:33,,
2015/8/19- 16:36:41,,
2015/8/19- 16:38:37,,
2015/8/19- 17:03:37,,
2015/8/19- 17:34:40,,
2015/8/19- 17:37:05,,
2015/8/19- 17:42:57,,
2015/8/19- 17:43:08,,
2015/8/19- 17:44:46,,
2015/8/19- 17:56:32,,
2015/8/20- 6:04:17,,
2015/8/20- 6:05:28,,
2015/8/20- 6:09:46,,
2015/8/20- 6:12:50,,
2015/8/20- 6:13:35,,
2015/8/20- 6:14:06,,
2015/8/20- 6:14:41,,
2015/8/20- 6:15:05,,
2015/8/20- 6:15:31,,
2015/8/20- 6:17:39,,
2015/8/20- 6:22:55,,
2015/8/20- 6:23:51,,
2015/8/20- 6:24:14,,
2015/8/20- 6:24:35,,
2015/8/20- 6:26:02,,
2015/8/20- 6:30:36,,
2015/8/20- 6:30:48,,
2015/8/20- 6:31:06,,
2015/8/20- 6:31:25,,
2015/8/20- 6:31:55,,
2015/8/20- 6:33:17,,
2015/8/20- 6:34:27,,
2015/8/20- 6:35:08,,
2015/8/20- 6:36:14,,
2015/8/20- 6:36:37,,
2015/8/20- 6:36:52,,
2015/8/20- 6:37:34,,
2015/8/20- 6:37:58,,
2015/8/20- 6:42:06,,
2015/8/20- 6:43:07,,
2015/8/20- 6:44:08,,
2015/8/20- 6:44:46,,
2015/8/20- 6:45:37,,
2015/8/20- 6:46:17,,
2015/8/20- 6:46:35,,
2015/8/20- 6:47:10,,
2015/8/20- 6:47:56,,
2015/8/20- 6:48:29,,
2015/8/20- 6:48:37,,
2015/8/20- 6:50:56,,
2015/8/20- 6:51:09,,
2015/8/20- 6:51:23,,
2015/8/20- 6:54:31,,
2015/8/20- 6:55:02,,
2015/8/20- 6:55:27,,
2015/8/20- 6:55:51,,
2015/8/20- 6:56:03,,
2015/8/20- 6:56:23,,
2015/8/20- 7:08:23,,
2015/8/20- 7:09:32,,
2015/8/20- 7:11:54,,
2015/8/20- 7:13:18,,
2015/8/20- 7:15:29,,
2015/8/20- 7:20:12,,
2015/8/20- 7:20:43,,
2015/8/20- 7:28:50,,
2015/8/20- 7:31:08,,
2015/8/20- 7:31:29,,
2015/8/20- 7:32:32,,
2015/8/20- 7:32:55,,
2015/8/20- 7:33:11,,
2015/8/20- 7:34:50,,
2015/8/20- 7:35:31,,
2015/8/20- 7:36:04,,
2015/8/20- 7:37:44,,
2015/8/20- 7:40:04,,
2015/8/20- 7:40:30,,
2015/8/20- 7:40:46,,
2015/8/20- 7:40:55,,
2015/8/20- 7:41:17,,
2015/8/20- 7:41:29,,
2015/8/20- 7:42:48,,
2015/8/20- 7:44:42,,
2015/8/20- 7:45:03,,
2015/8/20- 7:45:22,,
2015/8/20- 7:45:34,,
2015/8/20- 7:45:50,,
2015/8/20- 7:46:08,,
2015/8/20- 7:46:40,,
2015/8/20- 7:47:01,,
2015/8/20- 7:47:45,,
2015/8/20- 7:48:35,,
2015/8/20- 7:48:47,,
2015/8/20- 7:49:04,,
2015/8/20- 7:49:14,,
2015/8/20- 7:50:11,,
2015/8/20- 7:50:39,,
2015/8/20- 7:50:58,,
2015/8/20- 7:53:04,,
2015/8/20- 7:53:49,,
2015/8/20- 7:55:33,,
2015/8/20- 7:55:45,,
2015/8/20- 7:56:25,,
2015/8/20- 7:56:47,,
2015/8/20- 7:59:34,,
2015/8/23- 13:30:43,,
2015/8/23- 13:30:54,,
2015/8/23- 13:31:06,,
2015/8/23- 13:31:15,,
2015/8/23- 13:31:53,,
2015/8/23- 13:32:03,,
2015/8/23- 13:32:20,,
2015/8/23- 13:32:36,,
2015/8/23- 13:32:57,,
2015/8/23- 13:33:09,,
2015/8/23- 13:33:26,,
2015/8/23- 13:34:38,,
2015/8/23- 13:34:52,,
2015/8/23- 13:35:12,,
2015/8/23- 13:35:39,,
2015/8/23- 13:35:58,,
2015/8/23- 13:36:11,,
2015/8/23- 13:36:36,,
2015/8/23- 13:37:13,,
2015/8/23- 13:37:52,,
2015/8/23- 13:38:11,,
2015/8/23- 13:38:37,,
2015/8/23- 13:38:53,,
2015/8/23- 13:39:09,,
2015/8/23- 13:39:26,,
2015/8/23- 13:39:48,,
2015/8/23- 13:40:00,,
2015/8/23- 13:41:01,,
2015/8/23- 13:41:20,,
2015/8/23- 13:41:40,,
2015/8/23- 13:42:12,,
2015/8/23- 13:42:19,,
2015/8/23- 13:42:45,,
2015/8/23- 13:42:57,,
2015/8/23- 13:43:21,,
2015/8/23- 13:43:45,,
2015/8/23- 13:44:02,,
2015/8/23- 13:44:28,,
2015/8/23- 13:44:39,,
2015/8/23- 13:45:10,,
2015/8/23- 13:46:24,,
2015/8/23- 13:46:33,,
2015/8/23- 13:46:47,,
2015/8/23- 13:47:19,,
2015/8/23- 13:47:30,,
2015/8/23- 13:47:48,,
2015/8/23- 13:48:06,,
2015/8/23- 13:48:23,,
2015/8/23- 13:48:42,,
2015/8/23- 13:49:16,,
2015/8/23- 13:49:53,,
2015/8/23- 13:50:41,,
2015/8/23- 13:51:03,,
2015/8/23- 13:51:15,,
2015/8/23- 13:51:41,,
2015/8/23- 13:52:47,,
2015/8/23- 13:53:07,,
2015/8/23- 13:53:34,,
2015/8/23- 13:53:50,,
2015/8/23- 13:54:59,,
2015/8/23- 13:55:49,,
2015/8/23- 13:56:04,,
2015/8/23- 13:57:13,,
2015/8/23- 13:57:27,,
2015/8/23- 13:57:44,,
2015/8/23- 13:57:58,,
2015/8/23- 13:59:34,,
2015/8/23- 14:00:21,,
2015/8/23- 14:01:15,,
2015/8/23- 14:01:29,,
2015/8/23- 14:01:38,,
2015/8/23- 14:01:50,,
2015/8/23- 14:02:03,,
2015/8/23- 14:02:14,,
2015/8/23- 14:02:30,,
2015/8/23- 14:02:49,,
2015/8/23- 14:03:12,,
2015/8/23- 14:04:13,,
2015/8/23- 14:04:37,,
2015/8/23- 14:04:53,,
2015/8/23- 14:05:36,,
2015/8/23- 14:06:14,,
2015/8/23- 14:06:29,,
2015/8/23- 14:06:43,,
2015/8/23- 14:07:41,,
2015/8/23- 14:07:58,,
2015/8/23- 14:08:11,,
2015/8/23- 14:08:29,,
2015/8/23- 14:08:47,,
2015/8/23- 14:09:18,,
2015/8/23- 14:10:27,,
2015/8/23- 14:10:54,,
2015/8/23- 14:11:10,,
2015/8/23- 14:11:34,,
2015/8/23- 14:12:02,,
2015/8/23- 14:12:29,,
2015/8/23- 14:12:48,,
2015/8/23- 14:13:27,,
2015/8/23- 14:13:43,,
2015/8/23- 14:14:31,,
2015/8/23- 14:14:51,,
2015/8/23- 14:15:26,,
2015/8/23- 14:15:50,,
2015/8/23- 14:16:21,,
2015/8/23- 14:16:43,,
2015/8/23- 14:16:54,,
2015/8/23- 14:17:11,,
2015/8/23- 14:17:31,,
2015/8/23- 14:18:08,,
2015/8/23- 14:18:30,,
2015/8/23- 14:18:49,,
2015/8/23- 14:19:11,,
2015/8/23- 14:19:24,,
2015/8/23- 14:19:43,,
2015/8/23- 14:19:58,,
2015/8/23- 14:20:11,,
2015/8/23- 14:20:30,,
2015/8/23- 14:20:41,,
2015/8/23- 14:36:05,,
2015/8/23- 14:38:05,,
2015/8/23- 14:38:42,,
2015/8/23- 14:38:55,,
2015/8/23- 14:39:17,,
2015/8/23- 14:39:39,,
2015/8/23- 14:39:56,,
2015/8/23- 14:40:22,,
2015/8/23- 14:40:35,,
2015/8/23- 14:40:51,,
2015/8/23- 14:41:13,,
2015/8/23- 14:41:41,,
2015/8/23- 14:41:58,,
2015/8/23- 14:42:09,,
2015/8/23- 14:42:24,,
2015/8/23- 14:42:37,,
2015/8/23- 14:42:55,,
2015/8/23- 14:43:05,,
2015/8/23- 14:43:13,,
2015/8/23- 14:43:28,,
2015/8/23- 14:43:44,,
2015/8/23- 14:44:11,,
2015/8/23- 14:44:25,,
2015/8/23- 14:44:42,,
2015/8/23- 14:45:19,,
2015/8/23- 14:45:37,,
2015/8/23- 14:45:52,,
2015/8/23- 14:46:48,,
2015/8/23- 14:47:05,,
2015/8/23- 14:47:16,,
2015/8/23- 14:48:10,,
2015/8/23- 14:48:24,,
2015/8/23- 14:48:38,,
2015/8/23- 14:49:08,,
2015/8/23- 14:50:13,,
2015/8/23- 14:50:27,,
2015/8/23- 14:51:18,,
2015/8/23- 14:51:34,,
2015/8/23- 14:52:49,,
2015/8/23- 14:53:15,,
2015/8/23- 14:54:23,,
2015/8/23- 14:55:04,,
2015/8/23- 14:55:30,,
2015/8/23- 14:56:39,,
2015/8/23- 14:58:56,,
2015/8/23- 15:01:17,,
2015/8/23- 15:01:33,,
2015/8/23- 15:02:00,,
2015/8/23- 15:03:39,,
2015/8/23- 15:05:38,,
2015/8/23- 15:06:56,,
2015/8/23- 15:12:24,,
2015/8/23- 15:13:42,,
2015/8/23- 15:15:22,,
2015/8/23- 15:19:12,,
2015/8/23- 15:20:44,,
2015/8/23- 15:21:09,,
2015/8/23- 15:21:41,,
2015/8/23- 15:23:22,,
2015/8/23- 15:28:43,,
2015/8/23- 15:30:31,,
2015/8/23- 15:30:45,,
2015/8/23- 15:37:54,,
2015/8/23- 15:38:03,,
2015/8/23- 15:38:31,,
2015/8/23- 15:38:49,,
2015/8/23- 15:40:16,,
2015/8/23- 15:43:27,,
2015/8/23- 15:44:03,,
2015/8/23- 15:45:32,,
2015/8/23- 15:46:09,,
2015/8/23- 15:46:22,,
2015/8/23- 15:47:13,,
2015/8/23- 15:47:38,,
2015/8/23- 15:48:04,,
2015/8/23- 15:48:15,,
2015/8/23- 15:48:25,,
2015/8/23- 15:50:46,,
2015/8/23- 15:51:15,,
2015/8/23- 15:52:19,,
2015/8/23- 15:52:45,,
2015/8/23- 15:53:11,,
2015/8/23- 15:53:25,,
2015/8/23- 15:59:09,,
2015/8/23- 15:59:16,,
2015/8/23- 16:01:10,,
2015/8/23- 16:01:25,,
2015/8/23- 16:01:41,,
2015/8/23- 16:04:40,,
2015/8/23- 16:07:09,,
2015/8/23- 16:07:39,,
2015/8/23- 16:08:23,,
2015/8/23- 16:08:56,,
2015/8/23- 16:09:08,,
2015/8/23- 16:10:17,,
2015/8/23- 16:10:33,,
2015/8/23- 16:11:04,,
2015/8/23- 16:13:55,,
2015/8/23- 16:15:01,,
2015/8/23- 16:16:57,,
2015/8/23- 16:17:54,,
2015/8/23- 16:18:06,,
2015/8/23- 16:18:21,,
2015/8/23- 16:18:44,,
2015/8/23- 16:18:55,,
2015/8/23- 16:19:06,,
2015/8/23- 16:19:15,,
2015/8/23- 16:19:25,,
2015/8/23- 16:19:36,,
2015/8/23- 16:19:55,,
2015/8/23- 16:20:06,,
2015/8/23- 16:20:20,,
2015/8/23- 16:20:36,,
2015/8/23- 16:20:45,,
2015/8/23- 16:21:15,,
2015/8/23- 16:21:29,,
2015/8/23- 16:21:46,,
2015/8/23- 16:21:59,,
2015/8/23- 16:22:38,,
2015/8/23- 16:22:50,,
2015/8/23- 16:23:08,,
2015/8/23- 16:24:58,,
2015/8/23- 16:25:16,,
2015/8/23- 16:27:26,,
2015/8/23- 16:27:52,,
2015/8/23- 16:28:07,,
2015/8/23- 16:28:19,,
2015/8/23- 16:30:00,,
2015/8/23- 16:30:17,,
2015/8/23- 16:30:59,,
2015/8/23- 16:31:11,,
2015/8/23- 16:31:23,,
2015/8/23- 16:31:33,,
2015/8/23- 16:32:34,,
2015/8/23- 16:33:34,,
2015/8/23- 16:33:42,,
2015/8/23- 16:34:35,,
2015/8/23- 16:35:55,,
2015/8/23- 16:37:34,,
2015/8/23- 16:38:09,,
2015/8/23- 16:38:44,,
2015/8/23- 16:38:54,,
2015/8/23- 16:39:09,,
2015/8/23- 16:39:22,,
2015/8/23- 16:39:40,,
2015/8/23- 16:40:20,,
2015/8/23- 16:40:30,,
2015/8/23- 16:41:01,,
2015/8/23- 16:41:25,,
2015/8/23- 16:41:50,,
2015/8/23- 16:42:24,,
2015/8/23- 16:42:38,,
2015/8/23- 16:42:54,,
2015/8/23- 16:43:10,,
2015/8/23- 16:43:23,,
2015/8/23- 16:44:58,,
2015/8/23- 16:45:42,,
2015/8/23- 16:46:02,,
2015/8/23- 16:46:42,,
2015/8/23- 16:49:22,,
2015/8/23- 16:49:37,,
2015/8/23- 16:49:50,,
2015/8/23- 16:50:00,,
2015/8/23- 16:50:23,,
2015/8/23- 16:50:57,,
2015/8/23- 16:51:33,,
2015/8/23- 16:51:50,,
2015/8/23- 16:52:12,,
2015/8/23- 16:53:01,,
2015/8/23- 16:53:08,,
2015/8/23- 16:53:38,,
2015/8/23- 16:53:49,,
2015/8/23- 16:54:02,,
2015/8/23- 16:54:26,,
2015/8/23- 16:54:52,,
2015/8/23- 16:55:15,,
2015/8/23- 16:55:39,,
2015/8/23- 16:55:56,,
2015/8/23- 16:56:09,,
2015/8/23- 16:56:18,,
2015/8/23- 16:57:08,,
2015/8/23- 16:57:23,,
2015/8/23- 16:57:48,,
2015/8/23- 16:58:20,,
2015/8/23- 17:01:22,,
2015/8/23- 17:01:41,,
2015/8/23- 17:02:06,,
2015/8/23- 17:02:57,,
2015/8/23- 17:05:00,,
2015/8/23- 17:05:49,,
2015/8/23- 17:06:38,,
2015/8/23- 17:12:12,,
2015/8/23- 17:13:27,,
2015/8/23- 17:18:10,,
2015/8/23- 17:19:36,,
2015/8/23- 17:22:18,,
2015/8/23- 17:25:15,,
2015/8/23- 17:25:46,,
2015/8/23- 17:31:50,,
2015/8/23- 17:33:12,,
2015/8/23- 17:36:23,,
2015/8/23- 17:36:53,,
2015/8/23- 17:37:53,,
2015/8/23- 17:38:40,,
2015/8/23- 17:39:01,,
2015/8/23- 17:40:31,,
2015/8/23- 17:40:52,,
2015/8/23- 17:42:21,,
2015/8/23- 17:44:10,,
2015/8/23- 17:47:21,,
2015/8/23- 17:49:09,,
2015/8/23- 17:51:23,,
2015/8/23- 17:52:25,,
2015/8/23- 17:52:56,,
2015/8/23- 17:53:38,,
2015/8/23- 17:56:09,,
2015/8/23- 17:57:14,,
2015/8/23- 18:00:50,,
2015/8/23- 18:02:47,,
2015/8/23- 18:04:46,,
2015/8/23- 18:05:00,,
2015/8/23- 18:05:13,,
2015/8/23- 18:05:57,,
2015/8/23- 18:06:36,,
2015/8/23- 18:07:04,,
2015/8/23- 18:09:04,,
2015/8/23- 18:13:03,,
2015/8/23- 18:15:35,,
2015/8/23- 18:21:38,,
2015/8/23- 18:28:20,,
2015/8/23- 18:35:42,,
2015/8/23- 18:35:55,,
2015/8/23- 18:36:14,,
2015/8/23- 18:36:46,,
2015/8/23- 18:37:07,,
2015/8/23- 18:37:57,,
2015/8/23- 18:38:07,,
2015/8/23- 18:38:15,,
2015/8/23- 18:38:26,,
2015/8/23- 18:39:45,,
2015/8/23- 18:40:47,,
2015/8/23- 18:41:26,,
2015/8/23- 18:42:49,,
2015/8/23- 18:43:35,,
2015/8/23- 18:43:58,,
2015/8/23- 18:44:15,,
2015/8/23- 18:44:51,,
2015/8/23- 18:45:10,,
2015/8/23- 18:45:24,,
2015/8/23- 18:46:03,,
2015/8/23- 18:46:21,,
2015/8/23- 18:47:34,,
2015/8/23- 18:50:35,,
2015/8/23- 18:51:25,,
2015/8/23- 18:56:36,,
2015/8/24- 5:31:57,,
2015/8/24- 5:34:49,,
2015/8/24- 5:35:04,,
2015/8/24- 5:35:25,,
2015/8/24- 5:38:48,,
2015/8/24- 5:40:08,,
2015/8/24- 5:40:17,,
2015/8/24- 5:40:28,,
2015/8/24- 5:40:53,,
2015/8/24- 5:41:09,,
2015/8/24- 5:41:23,,
2015/8/24- 5:42:15,,
2015/8/24- 5:45:36,,
2015/8/24- 5:45:55,,
2015/8/24- 5:46:10,,
2015/8/24- 5:46:48,,
2015/8/24- 5:47:07,,
2015/8/24- 5:47:32,,
2015/8/24- 5:47:44,,
2015/8/24- 5:48:02,,
2015/8/24- 5:49:32,,
2015/8/24- 5:50:00,,
2015/8/24- 5:50:44,,
2015/8/24- 5:52:15,,
2015/8/24- 5:52:46,,
2015/8/24- 5:54:26,,
2015/8/24- 5:58:17,,
2015/8/24- 5:59:49,,
2015/8/24- 6:00:31,,
2015/8/24- 6:02:11,,
2015/8/24- 6:03:04,,
2015/8/24- 6:05:26,,
2015/8/24- 6:08:41,,
2015/8/24- 6:08:57,,
2015/8/24- 6:16:43,,
2015/8/24- 6:22:02,,
2015/8/24- 6:23:07,,
2015/8/24- 6:26:22,,
2015/8/24- 6:29:10,,
2015/8/24- 6:30:23,,
2015/8/24- 6:31:44,,
2015/8/24- 6:35:55,,
2015/8/24- 6:43:07,,
2015/8/24- 6:46:41,,
2015/8/24- 6:48:45,,
2015/8/24- 6:49:25,,
2015/8/24- 6:49:52,,
2015/8/24- 6:50:26,,
2015/8/24- 6:53:31,,
2015/8/24- 6:53:54,,
2015/8/24- 6:54:49,,
2015/8/24- 6:55:00,,
2015/8/24- 6:56:33,,
2015/8/24- 6:56:45,,
2015/8/24- 6:57:58,,
2015/8/24- 6:59:04,,
2015/8/24- 6:59:36,,
2015/8/24- 7:00:08,,
2015/8/24- 7:00:28,,
2015/8/24- 7:00:47,,
2015/8/24- 7:04:40,,
2015/8/24- 7:07:00,,
2015/8/24- 7:08:42,,
2015/8/24- 7:08:56,,
2015/8/24- 7:09:44,,
2015/8/24- 7:10:13,,
2015/8/24- 7:11:49,,
2015/8/24- 7:12:24,,
2015/8/24- 7:14:07,,
2015/8/24- 7:15:37,,
2015/8/24- 7:17:07,,
2015/8/24- 7:18:32,,
2015/8/24- 7:19:06,,
2015/8/24- 7:19:14,,
2015/8/24- 7:22:00,,
2015/8/24- 7:23:28,,
2015/8/24- 7:30:51,,
2015/8/24- 7:37:52,,
2015/8/24- 7:44:48,,
2015/8/24- 7:45:57,,
2015/8/24- 7:46:17,,
2015/8/24- 7:46:47,,
2015/8/24- 7:47:19,,
2015/8/24- 7:47:43,,
2015/8/24- 7:47:57,,
2015/8/24- 7:49:27,,
2015/8/24- 7:50:18,,
2015/8/24- 7:51:59,,
2015/8/24- 7:52:13,,
2015/8/24- 7:54:49,,
2015/8/24- 7:55:58,,
2015/8/24- 7:57:24,,
2015/8/24- 8:00:57,,
2015/8/24- 8:13:01,,
2015/8/24- 8:22:56,,
2015/8/24- 8:23:53,,
2015/8/24- 8:31:38,,
2015/8/24- 8:47:02,,
2015/8/24- 8:47:27,,
2015/8/24- 8:48:05,,
2015/8/24- 8:48:28,,
2015/8/24- 8:49:30,,
2015/8/24- 8:50:24,,
2015/8/24- 8:50:35,,
2015/8/24- 8:50:56,,
2015/8/24- 8:51:26,,
2015/8/24- 8:51:49,,
2015/8/24- 8:52:01,,
2015/8/24- 8:52:33,,
2015/8/24- 8:53:01,,
2015/8/24- 8:53:21,,
2015/8/24- 8:53:33,,
2015/8/24- 8:54:20,,
2015/8/24- 8:55:06,,
2015/8/24- 8:55:52,,
2015/8/24- 8:56:24,,
2015/8/24- 8:58:07,,
2015/8/24- 8:59:14,,
2015/8/24- 8:59:40,,
2015/8/24- 8:59:58,,
2015/8/24- 9:01:35,,
2015/8/24- 9:01:52,,
2015/8/24- 9:04:36,,
2015/8/24- 9:05:12,,
2015/8/24- 9:05:28,,
2015/8/24- 9:05:49,,
2015/8/24- 9:06:07,,
2015/8/24- 9:07:22,,
2015/8/24- 9:07:46,,
2015/8/24- 9:09:04,,
2015/8/24- 9:10:38,,
2015/8/24- 9:11:29,,
2015/8/24- 9:15:22,,
2015/8/24- 9:17:09,,
2015/8/24- 9:19:09,,
2015/8/24- 9:20:46,,
2015/8/24- 9:21:36,,
2015/8/24- 9:23:22,,
2015/8/24- 9:24:09,,
2015/8/24- 9:26:22,,
2015/8/24- 9:27:18,,
2015/8/24- 9:28:37,,
2015/8/24- 9:29:00,,
2015/8/24- 9:29:39,,
2015/8/24- 9:30:08,,
2015/8/24- 9:30:42,,
2015/8/24- 9:32:38,,
2015/8/24- 9:34:50,,
2015/8/24- 9:35:02,,
2015/8/24- 9:35:55,,
2015/8/24- 9:36:06,,
2015/8/24- 9:36:15,,
2015/8/24- 9:36:40,,
2015/8/24- 9:37:01,,
2015/8/24- 9:38:15,,
2015/8/24- 9:38:33,,
2015/8/24- 9:38:49,,
2015/8/24- 9:39:07,,
2015/8/24- 9:39:24,,
2015/8/24- 9:39:39,,
2015/8/24- 9:41:53,,
2015/8/24- 9:42:39,,
2015/8/24- 9:43:11,,
2015/8/24- 9:44:23,,
2015/8/24- 9:46:32,,
2015/8/24- 9:47:53,,
2015/8/24- 9:48:21,,
2015/8/24- 9:48:36,,
2015/8/24- 9:48:48,,
2015/8/24- 9:48:59,,
2015/8/24- 9:49:22,,
2015/8/24- 9:53:15,,
2015/8/24- 9:53:42,,
2015/8/24- 10:00:35,,
2015/8/24- 10:00:47,,
2015/8/24- 10:01:06,,
2015/8/24- 10:01:22,,
2015/8/24- 10:01:43,,
2015/8/24- 10:02:00,,
2015/8/24- 10:02:38,,
2015/8/24- 10:03:26,,
2015/8/24- 10:03:51,,
2015/8/24- 10:04:38,,
2015/8/24- 10:05:21,,
2015/8/24- 10:05:36,,
2015/8/24- 10:05:56,,
2015/8/24- 10:06:11,,
2015/8/24- 10:06:28,,
2015/8/24- 10:07:35,,
2015/8/24- 10:08:20,,
2015/8/24- 10:08:38,,
2015/8/24- 10:09:29,,
2015/8/24- 10:11:43,,
2015/8/24- 10:13:53,,
2015/8/24- 10:14:51,,
2015/8/24- 10:16:04,,
2015/8/24- 10:21:19,,
2015/8/24- 10:21:33,,
2015/8/24- 10:21:52,,
2015/8/24- 10:24:46,,
2015/8/24- 10:25:11,,
2015/8/24- 10:26:42,,
2015/8/24- 10:27:12,,
2015/8/24- 10:27:29,,
2015/8/24- 10:27:52,,
2015/8/24- 10:28:43,,
2015/8/24- 10:29:25,,
2015/8/24- 10:29:52,,
2015/8/24- 10:30:33,,
2015/8/24- 10:30:55,,
2015/8/24- 10:31:10,,
2015/8/24- 10:31:35,,
2015/8/24- 10:31:45,,
2015/8/24- 10:32:03,,
2015/8/24- 10:32:12,,
2015/8/24- 10:33:03,,
2015/8/24- 10:33:17,,
2015/8/24- 10:33:33,,
2015/8/24- 10:33:46,,
2015/8/24- 10:33:59,,
2015/8/24- 10:34:14,,
2015/8/24- 10:34:59,,
2015/8/24- 10:35:23,,
2015/8/24- 10:35:41,,
2015/8/24- 10:36:08,,
2015/8/24- 10:37:22,,
2015/8/24- 10:37:37,,
2015/8/24- 10:39:54,,
2015/8/24- 10:41:36,,
2015/8/24- 10:42:17,,
2015/8/24- 10:43:03,,
2015/8/24- 10:44:23,,
2015/8/24- 10:44:37,,
2015/8/24- 10:47:07,,
2015/8/24- 10:47:18,,
2015/8/24- 10:47:28,,
2015/8/24- 10:47:59,,
2015/8/24- 10:48:33,,
2015/8/24- 10:49:25,,
2015/8/24- 10:49:45,,
2015/8/24- 10:50:41,,
2015/8/24- 10:51:06,,
2015/8/24- 10:51:32,,
2015/8/24- 10:52:26,,
2015/8/24- 10:52:51,,
2015/8/24- 10:53:57,,
2015/8/24- 10:54:11,,
2015/8/24- 10:55:08,,
2015/8/24- 10:55:29,,
2015/8/24- 10:55:59,,
2015/8/24- 10:56:14,,
2015/8/24- 10:56:30,,
2015/8/24- 10:56:51,,
2015/8/24- 10:57:25,,
2015/8/24- 10:57:43,,
2015/8/24- 10:57:54,,
2015/8/24- 10:58:26,,
2015/8/24- 10:58:47,,
2015/8/24- 10:59:08,,
2015/8/24- 10:59:33,,
2015/8/24- 10:59:59,,
2015/8/24- 11:01:03,,
2015/8/24- 11:02:20,,
2015/8/24- 11:03:23,,
2015/8/24- 11:04:54,,
2015/8/24- 11:08:36,,
2015/8/24- 11:09:25,,
2015/8/24- 11:09:44,,
2015/8/24- 11:09:59,,
2015/8/24- 11:11:35,,
2015/8/24- 11:11:52,,
2015/8/24- 11:12:01,,
2015/8/24- 11:13:17,,
2015/8/24- 11:13:38,,
2015/8/24- 11:13:51,,
2015/8/24- 11:14:18,,
2015/8/24- 11:14:32,,
2015/8/24- 11:14:43,,
2015/8/24- 11:15:02,,
2015/8/24- 11:15:15,,
2015/8/24- 11:15:29,,
2015/8/24- 11:15:45,,
2015/8/24- 11:15:58,,
2015/8/24- 11:16:46,,
2015/8/24- 11:19:06,,
2015/8/24- 11:19:39,,
2015/8/24- 11:20:55,,
2015/8/24- 11:21:39,,
2015/8/24- 11:22:46,,
2015/8/24- 11:23:57,,
2015/8/24- 11:24:11,,
2015/8/24- 11:25:03,,
2015/8/24- 11:26:22,,
2015/8/24- 11:32:10,,
2015/8/24- 11:33:23,,
2015/8/24- 11:37:08,,
2015/8/24- 11:37:19,,
2015/8/24- 11:37:33,,
2015/8/24- 11:37:46,,
2015/8/24- 11:38:18,,
2015/8/24- 11:38:33,,
2015/8/24- 11:39:27,,
2015/8/24- 11:39:46,,
2015/8/24- 11:39:58,,
2015/8/24- 11:40:18,,
2015/8/24- 11:42:05,,
2015/8/24- 11:42:20,,
2015/8/24- 11:42:29,,
2015/8/24- 11:42:42,,
2015/8/24- 11:43:13,,
2015/8/24- 11:43:32,,
2015/8/24- 11:43:53,,
2015/8/24- 11:44:02,,
2015/8/24- 11:44:17,,
2015/8/24- 11:44:33,,
2015/8/24- 11:45:02,,
2015/8/24- 11:45:23,,
2015/8/24- 11:46:21,,
2015/8/24- 11:48:01,,
2015/8/24- 11:48:14,,
2015/8/24- 11:50:45,,
2015/8/24- 11:51:27,,
2015/8/24- 11:52:47,,
2015/8/24- 11:53:44,,
2015/8/24- 11:54:47,,
2015/8/24- 11:55:03,,
2015/8/24- 11:58:48,,
2015/8/24- 12:00:34,,
2015/8/24- 12:00:48,,
2015/8/24- 12:01:18,,
2015/8/24- 12:04:38,,
2015/8/24- 12:08:31,,
2015/8/24- 12:09:44,,
2015/8/24- 12:10:12,,
2015/8/24- 12:10:29,,
2015/8/24- 12:11:35,,
2015/8/24- 12:12:05,,
2015/8/24- 12:12:37,,
2015/8/24- 12:12:49,,
2015/8/24- 12:13:01,,
2015/8/24- 12:13:27,,
2015/8/24- 12:13:44,,
2015/8/24- 12:14:02,,
2015/8/24- 12:14:19,,
2015/8/24- 12:14:43,,
2015/8/24- 12:14:54,,
2015/8/24- 12:15:05,,
2015/8/24- 12:15:25,,
2015/8/24- 12:15:35,,
2015/8/24- 12:15:48,,
2015/8/24- 12:15:56,,
2015/8/24- 12:16:31,,
2015/8/24- 12:16:38,,
2015/8/24- 12:17:05,,
2015/8/24- 12:17:20,,
2015/8/24- 12:17:51,,
2015/8/24- 12:18:05,,
2015/8/24- 12:18:26,,
2015/8/24- 12:18:47,,
2015/8/24- 12:19:11,,
2015/8/24- 12:19:26,,
2015/8/24- 12:19:39,,
2015/8/24- 12:20:13,,
2015/8/24- 12:20:47,,
2015/8/24- 12:25:25,,
2015/8/24- 12:25:38,,
2015/8/24- 12:25:50,,
2015/8/24- 12:25:59,,
2015/8/24- 12:26:11,,
2015/8/24- 12:26:26,,
2015/8/24- 12:26:36,,
2015/8/24- 12:26:47,,
2015/8/24- 12:27:00,,
2015/8/24- 12:27:14,,
2015/8/24- 12:27:25,,
2015/8/24- 12:28:10,,
2015/8/24- 12:28:22,,
2015/8/24- 12:28:32,,
2015/8/24- 12:28:50,,
2015/8/24- 12:29:05,,
2015/8/24- 12:29:24,,
2015/8/24- 12:29:32,,
2015/8/24- 12:29:42,,
2015/8/24- 12:30:01,,
2015/8/24- 12:30:20,,
2015/8/24- 12:30:57,,
2015/8/24- 12:31:18,,
2015/8/24- 12:31:42,,
2015/8/24- 12:33:28,,
2015/8/24- 12:33:47,,
2015/8/24- 12:34:06,,
2015/8/24- 12:34:49,,
2015/8/24- 12:35:06,,
2015/8/24- 12:35:17,,
2015/8/24- 12:35:40,,
2015/8/24- 12:35:56,,
2015/8/24- 12:36:14,,
2015/8/24- 12:36:36,,
2015/8/24- 12:37:00,,
2015/8/24- 12:38:18,,
2015/8/24- 12:38:28,,
2015/8/24- 12:38:48,,
2015/8/24- 12:41:04,,
2015/8/24- 12:41:38,,
2015/8/24- 12:41:56,,
2015/8/24- 12:42:33,,
2015/8/24- 12:42:44,,
2015/8/24- 12:42:55,,
2015/8/24- 12:43:12,,
2015/8/24- 12:44:19,,
2015/8/24- 12:44:56,,
2015/8/24- 12:46:37,,
2015/8/24- 12:47:26,,
2015/8/24- 12:47:59,,
2015/8/24- 12:50:05,,
2015/8/24- 12:51:35,,
2015/8/24- 12:51:51,,
2015/8/24- 12:53:03,,
2015/8/24- 12:53:19,,
2015/8/24- 12:55:25,,
2015/8/24- 12:55:37,,
2015/8/24- 12:56:39,,
2015/8/24- 12:57:03,,
2015/8/24- 12:57:12,,
2015/8/24- 12:57:26,,
2015/8/24- 12:58:51,,
2015/8/24- 12:59:07,,
2015/8/24- 12:59:22,,
2015/8/24- 12:59:33,,
2015/8/24- 12:59:45,,
2015/8/24- 13:00:02,,
2015/8/24- 13:00:38,,
2015/8/24- 13:00:54,,
2015/8/24- 13:01:42,,
2015/8/24- 13:01:59,,
2015/8/24- 12:23:00,,
2015/8/24- 12:23:00,,
2015/8/24- 12:23:00,,
2015/8/24- 12:23:00,,
2015/8/24- 12:24:00,,
2015/8/24- 12:25:00,,
2015/8/24- 12:25:00,,
2015/9/2- 13:02:11,,
2015/9/2- 13:13:03,,
2015/9/2- 13:17:48,,
2015/9/2- 13:33:39,,
2015/9/2- 13:34:13,,
2015/9/2- 13:35:18,,
2015/9/2- 13:36:23,,
2015/9/2- 13:37:48,,
2015/9/2- 13:38:05,,
2015/9/2- 13:38:28,,
2015/9/2- 13:38:52,,
2015/9/2- 13:38:59,,
2015/9/2- 13:39:51,,
2015/9/2- 13:42:02,,
2015/9/2- 13:42:12,,
2015/9/2- 13:42:24,,
2015/9/2- 13:42:42,,
2015/9/2- 13:42:59,,
2015/9/2- 13:43:34,,
2015/9/2- 13:43:51,,
2015/9/2- 13:44:39,,
2015/9/2- 13:45:11,,
2015/9/2- 13:46:18,,
2015/9/2- 13:47:45,,
2015/9/2- 13:48:18,,
2015/9/2- 13:48:39,,
2015/9/2- 13:48:57,,
2015/9/2- 13:49:18,,
2015/9/2- 13:49:38,,
2015/9/2- 13:52:42,,
2015/9/2- 13:53:15,,
2015/9/2- 13:54:22,,
2015/9/2- 13:55:06,,
2015/9/2- 13:55:15,,
2015/9/2- 13:55:52,,
2015/9/2- 13:56:36,,
2015/9/2- 13:56:59,,
2015/9/2- 14:04:36,,
2015/9/2- 14:05:18,,
2015/9/2- 14:06:10,,
2015/9/2- 14:06:37,,
2015/9/2- 14:07:09,,
2015/9/2- 14:07:45,,
2015/9/2- 14:08:13,,
2015/9/2- 14:10:11,,
2015/9/2- 14:13:40,,
2015/9/2- 14:18:48,,
2015/9/2- 14:20:29,,
2015/9/2- 14:21:27,,
2015/9/2- 14:25:03,,
2015/9/2- 14:25:37,,
2015/9/2- 14:31:33,,
2015/9/2- 14:42:49,,
2015/9/2- 14:43:07,,
2015/9/2- 14:43:33,,
2015/9/2- 14:44:10,,
2015/9/2- 14:44:44,,
2015/9/2- 14:45:00,,
2015/9/2- 14:46:01,,
2015/9/2- 14:47:03,,
2015/9/2- 14:47:42,,
2015/9/2- 14:48:05,,
2015/9/2- 14:48:16,,
2015/9/2- 14:51:17,,
2015/9/2- 14:51:45,,
2015/9/2- 14:52:04,,
2015/9/2- 14:52:35,,
2015/9/2- 14:52:48,,
2015/9/2- 14:54:16,,
2015/9/2- 14:54:32,,
2015/9/2- 14:55:27,,
2015/9/2- 14:56:13,,
2015/9/2- 14:57:16,,
2015/9/2- 14:57:36,,
2015/9/2- 14:58:19,,
2015/9/2- 14:58:53,,
2015/9/2- 14:59:05,,
2015/9/2- 14:59:24,,
2015/9/2- 14:59:35,,
2015/9/2- 14:59:46,,
2015/9/2- 15:00:13,,
2015/9/2- 15:02:26,,
2015/9/2- 15:08:01,,
2015/9/2- 15:08:15,,
2015/9/2- 15:08:30,,
2015/9/2- 15:10:28,,
2015/9/2- 15:12:03,,
2015/9/2- 15:12:24,,
2015/9/2- 15:12:53,,
2015/9/2- 15:13:07,,
2015/9/2- 15:13:26,,
2015/9/2- 15:13:41,,
2015/9/2- 15:14:00,,
2015/9/2- 15:14:20,,
2015/9/2- 15:14:37,,
2015/9/2- 15:15:54,,
2015/9/2- 15:24:43,,
2015/9/2- 15:25:00,,
2015/9/2- 15:34:58,,
2015/9/2- 15:36:51,,
2015/9/2- 15:38:06,,
2015/9/2- 15:43:14,,
2015/9/2- 15:43:33,,
2015/9/2- 15:43:43,,
2015/9/2- 15:44:13,,
2015/9/2- 15:46:39,,
2015/9/2- 15:48:05,,
2015/9/2- 15:49:32,,
2015/9/2- 15:50:48,,
2015/9/2- 15:52:05,,
2015/9/2- 15:52:18,,
2015/9/2- 15:52:29,,
2015/9/2- 15:52:40,,
2015/9/2- 15:59:26,,
2015/9/2- 15:59:40,,
2015/9/2- 16:00:06,,
2015/9/2- 16:00:27,,
2015/9/2- 16:04:58,,
2015/9/2- 16:05:45,,
2015/9/2- 16:05:54,,
2015/9/2- 16:06:12,,
2015/9/3- 6:17:50,,
2015/9/3- 6:30:06,,
2015/9/3- 6:34:25,,
2015/9/3- 6:43:12,,
2015/9/3- 7:22:52,,
2015/9/3- 7:31:40,,
2015/9/3- 7:33:32,,
2015/9/3- 7:47:23,,
2015/9/3- 7:59:15,,
2015/9/3- 8:00:49,,
2015/9/3- 8:01:14,,
2015/9/3- 8:31:20,,
2015/9/3- 8:33:53,,
2015/9/3- 8:37:51,,
2015/9/3- 8:56:57,,
2015/9/3- 9:01:21,,
2015/9/3- 10:37:40,,
2015/9/3- 11:11:42,,
2015/9/3- 11:20:10,,
2015/9/3- 11:52:14,,
2015/9/3- 12:43:56,,
2015/9/3- 12:55:29,,
,,
,,
,,
,,
,,
,,
,,
,,
,,
,,
,,
,,
,,
,,
,,
,,
,,
,,
,,
,,
,,
,,
,,
,,
,,
,,
,,
,,
,,
,,
,,
,,
,,
,,
,,
,,
,,
,,
,,
,,
,,
,,
,,
,,
,,
,,
,,
,,
,,
,,
,,
,,
,,
,,
,,
,,
,,
,,
,,
,,
,,
,,
,,
,,
,,
,,
,,
,,
,,
,,
,,
,,
,,
,,
,,
,,
,,
,,
,,
,,
,,
,,
,,
,,
,,
,,
,,
,,
,,
,,
,,
,,
,,
,,
,,
,,
,,
,,
,,
,,
,,
,,
,,
,,
,,
,,
,,
,,
,,
,,
,,
,,
,,
,,
,,
,,
,,
,,
,,
,,
,,
,,
,,
,,
,,
,,
,,
,,
,,
,,
,,
,,
,,
,,
,,
,,
,,
,,
,,
,,
,,
,,
,,
,,
,,
,,
,,
,,
,,
,,
,,
,,
,,
,,
,,
,,
,,
,,
,,
,,
,,
,,
,,
,,
,,
,,
,,
,,
,,
,,
,,
,,
,,
,,
,,
,,
,,
,,
,,
,,
,,
,,
,,
,,
,,
,,
,,
,,
,,
,,
,,
,,
,,
,,
,,
,,
,,
,,
,,
,,
,,
,,
,,
,,
,,
,,
,,
,,
,,
,,
,,
,,
,,
,,
,,
,,
,,
,,
,,
,,
,,
,,
,,
,,
,,
,,
,,
,,
,,
,,
,,
,,
,,
,,
,,
,,
,,
,,
,,
,,
,,
,,
,,
,,
,,
,,
,,
,,
,,
,,
,,
,,
,,
,,
,,
,,
,,
,,
,,
,,
,,
,,
,,
,,
,,
,,
,,
,,
,,
,,
,,
,,
,,
,,
,,
,,
,,
,,
,,
,,
,,
,,
,,
,,
,,
,,
,,
,,
,,
,,
,,
,,
,,